round,test_auc,test_log_loss
1,0.7053,0.5736
2,0.7316,0.5692
3,0.7467,0.555
4,0.7648,0.5449
5,0.7803,0.5304
6,0.7894,0.5194
7,0.798,0.5091
8,0.8119,0.5019
9,0.8157,0.4951
10,0.8213,0.4901
11,0.8256,0.4842
12,0.8277,0.4792
13,0.833,0.4761
14,0.8351,0.4739
15,0.8394,0.4685
16,0.8394,0.4672
17,0.8456,0.4641
18,0.8453,0.4651
19,0.8487,0.4591
20,0.8502,0.4591
21,0.8505,0.4546
22,0.8498,0.4566
23,0.8511,0.4531
24,0.8521,0.4535
25,0.8524,0.4495
26,0.8567,0.4531
27,0.8505,0.4501
28,0.8586,0.4516
29,0.8539,0.4473
30,0.857,0.4528
31,0.8561,0.4464
32,0.8583,0.4508
33,0.8529,0.448
34,0.8607,0.4513
35,0.857,0.4457
36,0.8604,0.4502
37,0.8591,0.4452
38,0.8603,0.45
39,0.8582,0.4465
40,0.8625,0.4478
41,0.8563,0.4457
42,0.8622,0.45
43,0.8594,0.4459
44,0.8628,0.4486
45,0.8588,0.4455
46,0.8647,0.4471
47,0.859,0.444
48,0.864,0.4496
49,0.8603,0.4449
50,0.8625,0.4489
