model,site,auc_mean,auc_sd,ap_mean,ap_sd,brier_mean,brier_sd,log_loss_mean,log_loss_sd
local,overall,0.7538,0.0159,0.6752,0.035,0.1825,0.0137,0.6091,0.0375
local,BERLIN_NODE,0.523,0.078,0.4888,0.0809,0.2658,0.0376,0.8373,0.0962
local,CHENNAI_NODE,0.8503,0.0242,0.876,0.0255,0.1337,0.0153,0.4951,0.0767
local,HYDERABAD_NODE,0.8333,0.0336,0.5923,0.0945,0.1416,0.0242,0.4773,0.0824
federated,overall,0.8427,0.024,0.7824,0.0273,0.1419,0.0101,0.4489,0.0305
federated,BERLIN_NODE,0.6701,0.0481,0.6065,0.0428,0.2142,0.0188,0.649,0.0617
federated,CHENNAI_NODE,0.8973,0.011,0.8888,0.0161,0.1156,0.0055,0.3843,0.0158
federated,HYDERABAD_NODE,0.9385,0.0135,0.8582,0.0299,0.0903,0.011,0.2982,0.0262
centralized,overall,0.8411,0.0248,0.7805,0.0269,0.139,0.011,0.4482,0.0358
centralized,BERLIN_NODE,0.6593,0.0451,0.5849,0.044,0.2184,0.0185,0.6784,0.0691
centralized,CHENNAI_NODE,0.8963,0.0095,0.8793,0.0082,0.1123,0.0064,0.381,0.0193
centralized,HYDERABAD_NODE,0.9422,0.014,0.8686,0.0173,0.0803,0.0098,0.2675,0.0248
