clip_C,noise_sigma,rounds_T,epsilon,delta,auc_mean,auc_sd,ap_mean,ap_sd,brier_mean,brier_sd,log_loss_mean,log_loss_sd,auc_BERLIN_NODE,auc_CHENNAI_NODE,auc_HYDERABAD_NODE,seconds_per_training
0.5,0.0,20,inf,0.0,0.7346,0.0305,0.6293,0.0245,0.2005,0.011,0.6341,0.0358,0.5674,0.8342,0.7933,0.0007
0.5,0.0,50,inf,0.0,0.7853,0.0302,0.6997,0.0226,0.1724,0.0114,0.5577,0.0375,0.5733,0.8668,0.88,0.0017
0.5,0.5,20,82.9202,0.0,0.7335,0.0324,0.6307,0.0304,0.2006,0.0118,0.635,0.0391,0.5674,0.8353,0.7941,0.0007
0.5,0.5,50,167.8615,0.0,0.7854,0.0307,0.6983,0.0292,0.1723,0.0115,0.5576,0.0379,0.5699,0.8663,0.88,0.0016
0.5,1.0,20,31.4597,0.0,0.7318,0.0345,0.6338,0.0313,0.2008,0.0126,0.637,0.0423,0.5689,0.8374,0.7889,0.0007
0.5,1.0,50,58.9308,0.0,0.7846,0.031,0.6989,0.0322,0.1726,0.0116,0.559,0.0386,0.5719,0.8674,0.8748,0.0016
0.5,2.0,20,13.2298,0.0,0.7226,0.0393,0.6248,0.0406,0.2018,0.0143,0.6444,0.049,0.5728,0.8337,0.7704,0.0007
0.5,2.0,50,23.2154,0.0,0.7813,0.03,0.6974,0.037,0.1745,0.0121,0.5663,0.0408,0.5684,0.8679,0.8704,0.0016
0.5,4.0,20,5.9899,0.0,0.7052,0.0448,0.6075,0.0502,0.2061,0.0179,0.6729,0.0638,0.5822,0.8107,0.7267,0.0007
0.5,4.0,50,10.0452,0.0,0.7707,0.0327,0.685,0.0486,0.1829,0.0145,0.5986,0.0497,0.564,0.8626,0.8607,0.0016
0.5,8.0,20,2.8387,0.0,0.6639,0.0576,0.5743,0.0694,0.2233,0.0235,0.7806,0.0972,0.5694,0.7626,0.657,0.0006
0.5,8.0,50,4.632,0.0,0.7341,0.0373,0.6487,0.0624,0.2093,0.0204,0.7326,0.077,0.5644,0.8176,0.8015,0.0016
1.0,0.0,20,inf,0.0,0.7892,0.0316,0.6998,0.0256,0.1667,0.0111,0.5142,0.0301,0.5891,0.8615,0.8778,0.0007
1.0,0.0,50,inf,0.0,0.8199,0.0333,0.7523,0.0288,0.1491,0.0128,0.4761,0.0385,0.6198,0.8765,0.9178,0.0016
1.0,0.5,20,82.9202,0.0,0.7896,0.0356,0.6998,0.0342,0.1672,0.0121,0.5157,0.033,0.5921,0.8631,0.88,0.0006
1.0,0.5,50,167.8615,0.0,0.8217,0.0314,0.7508,0.0275,0.1486,0.0131,0.4741,0.0391,0.6232,0.8727,0.9193,0.0016
1.0,1.0,20,31.4597,0.0,0.7854,0.0382,0.6955,0.0401,0.1688,0.0135,0.5205,0.0367,0.596,0.861,0.8756,0.0007
1.0,1.0,50,58.9308,0.0,0.8219,0.0303,0.7472,0.033,0.1488,0.0137,0.4747,0.0405,0.6198,0.8684,0.9215,0.0016
1.0,2.0,20,13.2298,0.0,0.7704,0.0414,0.6749,0.0513,0.1754,0.0167,0.5406,0.046,0.5862,0.8535,0.8622,0.0006
1.0,2.0,50,23.2154,0.0,0.8209,0.0314,0.7439,0.0402,0.1519,0.0149,0.4846,0.0449,0.6153,0.8717,0.9193,0.0016
1.0,4.0,20,5.9899,0.0,0.7184,0.054,0.6191,0.0617,0.1982,0.0212,0.625,0.069,0.5758,0.808,0.7807,0.0006
1.0,4.0,50,10.0452,0.0,0.8003,0.0355,0.719,0.0513,0.1681,0.0179,0.5449,0.0594,0.6104,0.8599,0.8948,0.0016
1.0,8.0,20,2.8387,0.0,0.6333,0.0766,0.5411,0.0693,0.2545,0.0262,0.9543,0.1249,0.5388,0.7144,0.637,0.0007
1.0,8.0,50,4.632,0.0,0.7292,0.0487,0.6448,0.0713,0.2195,0.0281,0.856,0.131,0.5714,0.8,0.8052,0.0016
