C,rounds,local_updates,federated_auc,federated_auc_sd,federated_brier,federated_log_loss,centralized_auc,centralized_log_loss,selected
1.0,20,1,0.7979,0.0308,0.1686,0.5124,0.8272,0.4706,False
1.0,50,1,0.7973,0.0299,0.1682,0.511,0.8272,0.4706,False
1.0,100,1,0.7985,0.0303,0.1682,0.5108,0.8272,0.4706,False
3.0,20,1,0.825,0.033,0.1526,0.4727,0.84,0.4474,False
3.0,50,1,0.8309,0.031,0.1508,0.4681,0.84,0.4474,False
3.0,100,1,0.8283,0.0318,0.1513,0.4699,0.84,0.4474,False
10.0,20,1,0.8333,0.0294,0.1461,0.4591,0.8411,0.4482,False
10.0,50,1,0.8427,0.024,0.1419,0.4489,0.8411,0.4482,True
10.0,100,1,0.8428,0.0237,0.1414,0.4482,0.8411,0.4482,False
30.0,20,1,0.8359,0.0286,0.1443,0.4567,0.84,0.459,False
30.0,50,1,0.8405,0.0265,0.1412,0.4543,0.84,0.459,False
30.0,100,1,0.839,0.0254,0.142,0.4573,0.84,0.459,False
100.0,20,1,0.8366,0.0277,0.1442,0.4567,0.8406,0.4707,False
100.0,50,1,0.8393,0.0202,0.1416,0.4601,0.8406,0.4707,False
100.0,100,1,0.841,0.0183,0.1416,0.465,0.8406,0.4707,False
